Initialization,Activation,Hidden Layers,Cost,Computation Time
normal,relu,1,0.4294567775772883,0.7557358741760254
normal,relu,2,0.29697163313018476,2.173861026763916
normal,relu,3,0.4291821429522607,5.829782724380493
normal,relu,1,0.30905457279571186,2.6798293590545654
normal,relu,2,0.30689262381407606,1.3949904441833496
normal,relu,3,0.3497650826845018,5.942739248275757
normal,relu,1,0.3572289162473554,1.2862162590026855
normal,relu,2,0.4096169764218471,2.5190868377685547
normal,relu,3,0.16729751641740634,3.1486799716949463
normal,relu,1,0.36748282106735836,0.7690541744232178
normal,relu,2,0.32344383783055836,1.331385850906372
normal,relu,3,0.48502068605025767,1.9725496768951416
normal,relu,1,0.38168549554773584,0.7281780242919922
normal,relu,2,0.23456790661665425,1.4250874519348145
normal,relu,3,0.2888986405414737,3.2752654552459717
normal,relu,1,0.5371346400705462,2.978060007095337
normal,relu,2,0.4771275527305337,3.814462184906006
normal,relu,3,0.11699660826250062,2.0737733840942383
normal,relu,1,0.5164907149566451,0.7603349685668945
normal,relu,2,0.16200801628905567,2.8025729656219482
normal,relu,3,0.2932775982937428,7.537600517272949
normal,relu,1,0.4317797716443357,1.7388114929199219
normal,relu,2,0.3101818513648356,3.31011962890625
normal,relu,3,0.08942201774347083,5.469424247741699
normal,relu,1,0.39416141757546264,1.57124924659729
normal,relu,2,0.31247206504428515,2.3221235275268555
normal,relu,3,0.3989565808137171,2.0100560188293457
normal,relu,1,0.5111935227160052,0.727886438369751
normal,relu,2,0.16735579129480482,1.860908031463623
normal,relu,3,0.11722174122542174,5.596723794937134
normal,relu,1,0.454968069692812,1.7795064449310303
normal,relu,2,0.14454678213996214,2.1053380966186523
normal,relu,3,0.29541780168199494,2.076585054397583
normal,relu,1,0.48740638803633723,0.6889050006866455
normal,relu,2,0.2306931350878754,1.4039123058319092
normal,relu,3,0.13055445261585344,3.6220386028289795
normal,relu,1,0.36097729445252486,1.3436939716339111
normal,relu,2,0.11438967384859447,1.4017362594604492
normal,relu,3,0.3565262236274347,2.1557836532592773
normal,relu,1,0.5434364910486574,0.6931548118591309
normal,relu,2,0.14042607751039887,1.3979787826538086
normal,relu,3,0.367228398168465,2.0996861457824707
normal,relu,1,0.47594214434185256,0.7243099212646484
normal,relu,2,0.31036321527761324,1.4104201793670654
normal,relu,3,0.08632209805712117,3.9383106231689453
normal,sigmoid,1,0.5377471510581555,2.0961790084838867
normal,sigmoid,2,0.4356471071743937,4.151035308837891
normal,sigmoid,3,0.5002336188078607,8.295984268188477
normal,sigmoid,1,0.5447579495966065,2.10396671295166
normal,sigmoid,2,0.5659775052697018,4.27295446395874
normal,sigmoid,3,0.35617916180611076,7.813255786895752
normal,sigmoid,1,0.7928688539790405,2.229412794113159
normal,sigmoid,2,0.6146440193501005,4.215916156768799
normal,sigmoid,3,0.617247985106788,9.614773750305176
normal,sigmoid,1,0.6130863014254563,2.0702903270721436
normal,sigmoid,2,0.48879691621006466,5.80938196182251
normal,sigmoid,3,0.4350668846088857,6.291212797164917
normal,sigmoid,1,0.6902221514946747,2.119189739227295
normal,sigmoid,2,0.6524100832268819,5.718222379684448
normal,sigmoid,3,0.5396735571887612,6.198770523071289
normal,sigmoid,1,0.5477749440486218,2.1066694259643555
normal,sigmoid,2,0.6560419165051801,6.709212303161621
normal,sigmoid,3,0.48324033421170315,6.22185754776001
normal,sigmoid,1,0.6699494092751104,4.118271112442017
normal,sigmoid,2,0.4850527881817832,4.1259870529174805
normal,sigmoid,3,0.4058440554364217,9.326030015945435
normal,sigmoid,1,0.7565531918517169,2.072511672973633
normal,sigmoid,2,0.6609636919165947,6.433990240097046
normal,sigmoid,3,0.5085657817176259,9.355384588241577
normal,sigmoid,1,0.5143277256798163,2.0868077278137207
normal,sigmoid,2,0.5118381661971197,5.619675159454346
normal,sigmoid,3,0.4822398683725246,6.389362096786499
normal,sigmoid,1,0.5115131921621203,2.1083881855010986
normal,sigmoid,2,0.5478467771450951,5.668880224227905
normal,sigmoid,3,0.3644540825218006,6.196397066116333
normal,sigmoid,1,0.5161872418904334,2.0678224563598633
normal,sigmoid,2,0.48192000337080193,5.853553056716919
normal,sigmoid,3,0.44900249036676815,7.242938280105591
normal,sigmoid,1,0.6788305155038973,3.014627456665039
normal,sigmoid,2,0.4607192180154649,4.919929265975952
normal,sigmoid,3,0.6402490835926167,6.27531099319458
normal,sigmoid,1,0.7322442410115255,3.6700429916381836
normal,sigmoid,2,0.5008822318435721,4.183464050292969
normal,sigmoid,3,0.36910427220458003,7.570515394210815
normal,sigmoid,1,0.5824380583312316,2.5700223445892334
normal,sigmoid,2,0.5430471154883248,4.176727294921875
normal,sigmoid,3,0.363922330613387,7.748573541641235
normal,sigmoid,1,0.7096245846842868,2.107548952102661
normal,sigmoid,2,0.4975559267978885,4.170482158660889
normal,sigmoid,3,0.4047143763344436,7.761816024780273
normal,tanh,1,0.43555965218426207,4.53392767906189
normal,tanh,2,0.18816137793202617,10.31686544418335
normal,tanh,3,0.056853318236595715,16.081329107284546
normal,tanh,1,0.5423582511366828,5.909978628158569
normal,tanh,2,0.3211817306194325,10.533092498779297
normal,tanh,3,0.09769479270981911,14.839930534362793
normal,tanh,1,0.24155224495278033,5.92262601852417
normal,tanh,2,0.2704069200910728,10.219855546951294
normal,tanh,3,0.0796471762665773,15.446331262588501
normal,tanh,1,0.468914249102305,4.5179665088653564
normal,tanh,2,0.12083492082089987,10.3019278049469
normal,tanh,3,0.08412067242231001,14.755691528320312
normal,tanh,1,0.3130747706560523,4.512031555175781
normal,tanh,2,0.10608363080779187,10.278884887695312
normal,tanh,3,0.051001928205588444,14.755104064941406
normal,tanh,1,0.32401016788104325,6.1187708377838135
normal,tanh,2,0.1762505563050534,10.939931869506836
normal,tanh,3,0.09050268727922418,15.403603553771973
normal,tanh,1,0.4673109613382204,4.522258758544922
normal,tanh,2,0.26522055023863605,11.64356279373169
normal,tanh,3,0.064146583658524,14.767426490783691
normal,tanh,1,0.5657163503636042,4.59354305267334
normal,tanh,2,0.23182329720345204,10.293237686157227
normal,tanh,3,0.05819720906838843,16.451241493225098
normal,tanh,1,0.45487746689383446,5.975617408752441
normal,tanh,2,0.14703724300263335,10.21779489517212
normal,tanh,3,0.06063653877877407,14.738804340362549
normal,tanh,1,0.3615533003168502,4.565187454223633
normal,tanh,2,0.17671408377393047,10.371450901031494
normal,tanh,3,0.0870879157162834,14.854914903640747
normal,tanh,1,0.4579859721976028,4.512063264846802
normal,tanh,2,0.14129092750978817,10.403886079788208
normal,tanh,3,0.161447549176821,14.779792308807373
normal,tanh,1,0.3416418184384299,5.918315172195435
normal,tanh,2,0.2308405426162769,9.17836594581604
normal,tanh,3,0.103878354419747,17.213885068893433
normal,tanh,1,0.39541740425203054,4.525487184524536
normal,tanh,2,0.12953676218095062,10.344872951507568
normal,tanh,3,0.08206042646195191,14.985876560211182
normal,tanh,1,0.46374375021889275,4.525090456008911
normal,tanh,2,0.15360598655449925,10.306661367416382
normal,tanh,3,0.07877782137312764,14.86370849609375
normal,tanh,1,0.3742289410054499,5.800256013870239
normal,tanh,2,0.12184114252187789,11.62634801864624
normal,tanh,3,0.08002592048557941,14.932655811309814
normal,linear,1,0.8562920198019406,0.42546963691711426
normal,linear,2,0.8562919648969369,0.8155918121337891
normal,linear,3,0.8562917257312536,1.232543706893921
normal,linear,1,0.8562921368893744,0.4461863040924072
normal,linear,2,0.8562922494438778,0.8365652561187744
normal,linear,3,0.8562919695541076,1.2061524391174316
normal,linear,1,0.8562921091178535,0.42690157890319824
normal,linear,2,0.8562923399485484,0.7968161106109619
normal,linear,3,0.8562919035294553,1.2283368110656738
normal,linear,1,0.8562920985566134,0.46911001205444336
normal,linear,2,0.856292530336692,1.9373068809509277
normal,linear,3,0.8562919389510839,1.9620392322540283
normal,linear,1,0.8562921080968084,0.3974316120147705
normal,linear,2,0.8562919738922696,0.8175725936889648
normal,linear,3,0.8562927758379504,1.1962556838989258
normal,linear,1,0.8562919855049604,0.40476107597351074
normal,linear,2,0.8562919355032325,0.7736895084381104
normal,linear,3,0.856291673448196,1.1769053936004639
normal,linear,1,0.8562920834941131,0.41823673248291016
normal,linear,2,0.8562919188858582,0.8296487331390381
normal,linear,3,0.8562934125903071,1.2009563446044922
normal,linear,1,0.8562922189789675,0.3926200866699219
normal,linear,2,0.8562920406214739,0.850715160369873
normal,linear,3,0.8562926025446523,1.8457510471343994
normal,linear,1,0.8562920495381359,0.8896749019622803
normal,linear,2,0.8562920711360923,1.724010705947876
normal,linear,3,0.8562922819766301,1.1988821029663086
normal,linear,1,0.8562920587912944,0.43096280097961426
normal,linear,2,0.856292199475181,0.8093652725219727
normal,linear,3,0.8562925078275063,1.1901848316192627
normal,linear,1,0.8562920811337972,0.39365172386169434
normal,linear,2,0.8562920254908208,0.8057692050933838
normal,linear,3,0.8562925363530581,1.1977908611297607
normal,linear,1,0.8562919598106669,0.40399742126464844
normal,linear,2,0.8562920559070226,0.879906415939331
normal,linear,3,0.856293280596428,1.2922284603118896
normal,linear,1,0.8562920319311467,0.41625332832336426
normal,linear,2,0.8562921978107281,1.0493338108062744
normal,linear,3,0.8562926003693577,2.8783929347991943
normal,linear,1,0.8562921970914048,0.4064779281616211
normal,linear,2,0.8562920366874851,0.8229110240936279
normal,linear,3,0.8562938169718481,1.2201611995697021
normal,linear,1,0.8562920169901619,0.3983771800994873
normal,linear,2,0.8562920504623307,0.8028104305267334
normal,linear,3,0.8562924314828104,1.2138645648956299
normal,leaky_relu,1,0.2840777130321939,0.7258646488189697
normal,leaky_relu,2,0.10870046276341355,1.3367409706115723
normal,leaky_relu,3,0.25935027892576024,1.987678050994873
normal,leaky_relu,1,0.523353123520009,0.665881872177124
normal,leaky_relu,2,0.26755620764977633,2.596789836883545
normal,leaky_relu,3,0.1618201856196626,2.692291498184204
normal,leaky_relu,1,0.5175526761093082,0.7098293304443359
normal,leaky_relu,2,0.2909859702408037,1.4268691539764404
normal,leaky_relu,3,0.06124484386207667,3.8584725856781006
normal,leaky_relu,1,0.5249599013325491,0.656700611114502
normal,leaky_relu,2,0.11211919658187361,1.3351671695709229
normal,leaky_relu,3,0.26807248304584996,3.7493999004364014
normal,leaky_relu,1,0.35968492134941593,0.6793932914733887
normal,leaky_relu,2,0.307622773435398,1.3845105171203613
normal,leaky_relu,3,0.1504814329535956,2.088860273361206
normal,leaky_relu,1,0.4797278251971428,0.7167782783508301
normal,leaky_relu,2,0.16893603865852708,1.3680610656738281
normal,leaky_relu,3,0.30092579659512175,1.9791784286499023
normal,leaky_relu,1,0.4939179212541799,0.6912190914154053
normal,leaky_relu,2,0.18377351327857144,1.8280155658721924
normal,leaky_relu,3,0.2458792753042767,3.3147952556610107
normal,leaky_relu,1,0.4792304106360493,0.6778671741485596
normal,leaky_relu,2,0.37697014823940644,1.3942656517028809
normal,leaky_relu,3,0.2524249589537803,2.0780084133148193
normal,leaky_relu,1,0.39322736191201824,0.6678736209869385
normal,leaky_relu,2,0.3266394748319764,1.3751251697540283
normal,leaky_relu,3,0.3431031728812877,2.126147985458374
normal,leaky_relu,1,0.4883680227885776,0.6834924221038818
normal,leaky_relu,2,0.5119231129732825,3.157756805419922
normal,leaky_relu,3,0.11376248116950306,2.157562017440796
normal,leaky_relu,1,0.4279732068715181,0.7259171009063721
normal,leaky_relu,2,0.21499802759041248,1.4380829334259033
normal,leaky_relu,3,0.29600395559866954,1.9871056079864502
normal,leaky_relu,1,0.5195075559108491,0.7025246620178223
normal,leaky_relu,2,0.5052201956479525,1.3671331405639648
normal,leaky_relu,3,0.4869304869325498,2.555521249771118
normal,leaky_relu,1,0.5266041490079701,1.6126906871795654
normal,leaky_relu,2,0.3136027371395982,1.739063024520874
normal,leaky_relu,3,0.26448393272636517,1.999274730682373
normal,leaky_relu,1,0.47037065834994984,0.7052736282348633
normal,leaky_relu,2,0.4814725587237083,1.4058055877685547
normal,leaky_relu,3,0.14746753956304318,2.0600712299346924
normal,leaky_relu,1,0.45577557515875133,0.7458386421203613
normal,leaky_relu,2,0.32414581487751193,1.364757776260376
normal,leaky_relu,3,0.1476045936618798,3.8378746509552
uniform_xavier,relu,1,0.4168515835800556,0.841221809387207
uniform_xavier,relu,2,0.09222403393269749,1.39015531539917
uniform_xavier,relu,3,0.28362332885231056,2.012150764465332
uniform_xavier,relu,1,0.4145738656218906,0.691622257232666
uniform_xavier,relu,2,0.2965204762282775,1.4461658000946045
uniform_xavier,relu,3,0.0891919790349747,2.1401631832122803
uniform_xavier,relu,1,0.4075811452614822,0.690971851348877
uniform_xavier,relu,2,0.1061052147786082,1.9428553581237793
uniform_xavier,relu,3,0.04914039245074941,3.326911449432373
uniform_xavier,relu,1,0.4592276594332599,0.6787116527557373
uniform_xavier,relu,2,0.1074172991642364,1.361393690109253
uniform_xavier,relu,3,0.05347103979600843,2.0286636352539062
uniform_xavier,relu,1,0.31968087742079226,0.7144756317138672
uniform_xavier,relu,2,0.08997517679074936,1.3714642524719238
uniform_xavier,relu,3,0.039115245188380145,2.152822732925415
uniform_xavier,relu,1,0.5188978509286081,0.6888048648834229
uniform_xavier,relu,2,0.04819838417521878,3.026448965072632
uniform_xavier,relu,3,0.09354194254350415,2.19061279296875
uniform_xavier,relu,1,0.39883782333464773,0.7041518688201904
uniform_xavier,relu,2,0.0773881531829854,1.3709661960601807
uniform_xavier,relu,3,0.05130722978660413,2.0707967281341553
uniform_xavier,relu,1,0.2964491036585249,0.6946749687194824
uniform_xavier,relu,2,0.08924812996154535,1.3807740211486816
uniform_xavier,relu,3,0.1930532317621808,2.51434588432312
uniform_xavier,relu,1,0.38377211484225837,1.5750446319580078
uniform_xavier,relu,2,0.28910840748520933,2.036966323852539
uniform_xavier,relu,3,0.036814327371510636,2.0864856243133545
uniform_xavier,relu,1,0.4574992433405136,0.7223193645477295
uniform_xavier,relu,2,0.1099811086711797,1.3537633419036865
uniform_xavier,relu,3,0.05214686597702597,2.033597707748413
uniform_xavier,relu,1,0.3974730146307711,0.6852602958679199
uniform_xavier,relu,2,0.11629300693334123,1.3619732856750488
uniform_xavier,relu,3,0.06551365478083397,3.646538257598877
uniform_xavier,relu,1,0.3945850902252613,0.9627902507781982
uniform_xavier,relu,2,0.29697059154946726,1.4948155879974365
uniform_xavier,relu,3,0.06395843117985754,2.084319829940796
uniform_xavier,relu,1,0.41035386559400233,0.7276220321655273
uniform_xavier,relu,2,0.09225943146532573,1.408510684967041
uniform_xavier,relu,3,0.056843973864935865,2.096550703048706
uniform_xavier,relu,1,0.3707608169823104,0.64919114112854
uniform_xavier,relu,2,0.08138885268641931,1.8865408897399902
uniform_xavier,relu,3,0.08925854110061388,4.856621503829956
uniform_xavier,relu,1,0.37114354105850617,1.1716339588165283
uniform_xavier,relu,2,0.10177895798533859,1.3712246417999268
uniform_xavier,relu,3,0.029059621620935602,2.1183834075927734
uniform_xavier,sigmoid,1,0.5229196849945935,2.108795642852783
uniform_xavier,sigmoid,2,0.6618870932537284,5.747014284133911
uniform_xavier,sigmoid,3,0.6759667926989434,6.177270174026489
uniform_xavier,sigmoid,1,0.7869799216432504,2.132639169692993
uniform_xavier,sigmoid,2,0.8436437730416346,5.6405417919158936
uniform_xavier,sigmoid,3,0.6218931376000696,7.855587959289551
uniform_xavier,sigmoid,1,0.6781537044558101,3.5322513580322266
uniform_xavier,sigmoid,2,0.7199577500778096,4.165457248687744
uniform_xavier,sigmoid,3,0.6641593499425215,6.612509489059448
uniform_xavier,sigmoid,1,0.6308480111447495,3.293445348739624
uniform_xavier,sigmoid,2,0.7517323672128515,4.122938394546509
uniform_xavier,sigmoid,3,0.3987135274547438,7.337168455123901
uniform_xavier,sigmoid,1,0.7742156287339156,2.347942590713501
uniform_xavier,sigmoid,2,0.5663480986676878,4.138743877410889
uniform_xavier,sigmoid,3,0.7130062859966634,7.712510347366333
uniform_xavier,sigmoid,1,0.5227038290079674,2.0993919372558594
uniform_xavier,sigmoid,2,0.5391274673217157,4.118910789489746
uniform_xavier,sigmoid,3,0.674083582801787,7.755711078643799
uniform_xavier,sigmoid,1,0.6111134084341543,2.219208240509033
uniform_xavier,sigmoid,2,0.5629463479559633,4.211851596832275
uniform_xavier,sigmoid,3,0.3855928838035074,7.938557147979736
uniform_xavier,sigmoid,1,0.7699811695640811,2.1859633922576904
uniform_xavier,sigmoid,2,0.5466609048094881,4.154849290847778
uniform_xavier,sigmoid,3,0.6586580517680629,7.7307047843933105
uniform_xavier,sigmoid,1,0.5382110172298126,2.0971524715423584
uniform_xavier,sigmoid,2,0.6961818101244611,4.2077250480651855
uniform_xavier,sigmoid,3,0.6926138424492697,7.867892265319824
uniform_xavier,sigmoid,1,0.6984701205434872,2.1401138305664062
uniform_xavier,sigmoid,2,0.4800354789513226,4.533944129943848
uniform_xavier,sigmoid,3,0.6368651108047457,7.494614124298096
uniform_xavier,sigmoid,1,0.5345388500916115,2.0791289806365967
uniform_xavier,sigmoid,2,0.6795768955975716,5.260607004165649
uniform_xavier,sigmoid,3,0.8304932581485799,6.710140228271484
uniform_xavier,sigmoid,1,0.7276812102087444,2.077672243118286
uniform_xavier,sigmoid,2,0.498815588248,5.668547868728638
uniform_xavier,sigmoid,3,0.41191531359859934,6.150857448577881
uniform_xavier,sigmoid,1,0.6915968416630441,2.046797275543213
uniform_xavier,sigmoid,2,0.6111378472981797,5.683476686477661
uniform_xavier,sigmoid,3,0.6949113850501387,6.153534412384033
uniform_xavier,sigmoid,1,0.8601672236290833,2.0791234970092773
uniform_xavier,sigmoid,2,0.8352589958307706,7.325033903121948
uniform_xavier,sigmoid,3,0.6529398646577239,6.174145460128784
uniform_xavier,sigmoid,1,0.6815883831494369,2.6988472938537598
uniform_xavier,sigmoid,2,0.7558331360534937,6.409029483795166
uniform_xavier,sigmoid,3,0.5325578977974619,6.140403747558594
uniform_xavier,tanh,1,0.4856371383014665,5.938787937164307
uniform_xavier,tanh,2,0.4858867500418284,9.43709111213684
uniform_xavier,tanh,3,0.264086717530005,15.513485431671143
uniform_xavier,tanh,1,0.4901442147467519,4.544281482696533
uniform_xavier,tanh,2,0.2403465438009684,10.351555347442627
uniform_xavier,tanh,3,0.323104479379998,14.766756057739258
uniform_xavier,tanh,1,0.5078583923620652,4.561792850494385
uniform_xavier,tanh,2,0.461195072246628,10.157667398452759
uniform_xavier,tanh,3,0.4942465784413659,14.728323459625244
uniform_xavier,tanh,1,0.44919550850182527,5.81215500831604
uniform_xavier,tanh,2,0.30555933762293286,8.981231451034546
uniform_xavier,tanh,3,0.12688904098818338,15.427306890487671
uniform_xavier,tanh,1,0.507657117219245,5.290275573730469
uniform_xavier,tanh,2,0.5045987529107141,10.25395655632019
uniform_xavier,tanh,3,0.09825185645764714,16.17476224899292
uniform_xavier,tanh,1,0.4678314782139122,4.551011800765991
uniform_xavier,tanh,2,0.2266399015214536,10.225636959075928
uniform_xavier,tanh,3,0.2939960780174972,14.735833406448364
uniform_xavier,tanh,1,0.495116129402002,5.79648756980896
uniform_xavier,tanh,2,0.460625228375595,8.930617094039917
uniform_xavier,tanh,3,0.30056853991305793,17.529695749282837
uniform_xavier,tanh,1,0.4709942286152208,4.558750867843628
uniform_xavier,tanh,2,0.31020373828986253,10.405127048492432
uniform_xavier,tanh,3,0.26980173795299583,14.914480447769165
uniform_xavier,tanh,1,0.5060433229682043,4.543765306472778
uniform_xavier,tanh,2,0.28978132926551825,10.237422943115234
uniform_xavier,tanh,3,0.4128581827710807,14.535893678665161
uniform_xavier,tanh,1,0.5877191938543445,5.941767930984497
uniform_xavier,tanh,2,0.3163615282572113,8.941444396972656
uniform_xavier,tanh,3,0.36510336577872216,15.260757446289062
uniform_xavier,tanh,1,0.47333363482328467,5.773349285125732
uniform_xavier,tanh,2,0.3124697965174547,10.965111494064331
uniform_xavier,tanh,3,0.2021571924477084,14.62859559059143
uniform_xavier,tanh,1,0.5073045451908943,4.546384572982788
uniform_xavier,tanh,2,0.34445714863502463,10.333142280578613
uniform_xavier,tanh,3,0.28787568909748645,14.579060554504395
uniform_xavier,tanh,1,0.46253579778579273,5.677838087081909
uniform_xavier,tanh,2,0.2423210782801096,9.088860511779785
uniform_xavier,tanh,3,0.2700618118715975,14.970545768737793
uniform_xavier,tanh,1,0.49004628056744826,5.665802240371704
uniform_xavier,tanh,2,0.12758663456156644,10.362906217575073
uniform_xavier,tanh,3,0.1386538582131522,16.142385959625244
uniform_xavier,tanh,1,0.4993788571382715,4.502562761306763
uniform_xavier,tanh,2,0.39225550824422667,10.209672212600708
uniform_xavier,tanh,3,0.28608228559185156,14.697070598602295
uniform_xavier,linear,1,0.8562921037726746,0.4289999008178711
uniform_xavier,linear,2,0.8562920949205741,0.7849414348602295
uniform_xavier,linear,3,0.8562921127941406,1.2466425895690918
uniform_xavier,linear,1,0.8562921213270804,0.3811759948730469
uniform_xavier,linear,2,0.8562920807359047,1.3438763618469238
uniform_xavier,linear,3,0.8562920805600768,2.776336193084717
uniform_xavier,linear,1,0.856292075313215,0.4036285877227783
uniform_xavier,linear,2,0.8562920392898064,0.7965824604034424
uniform_xavier,linear,3,0.8562920125172762,1.2056152820587158
uniform_xavier,linear,1,0.856292058525206,0.42594361305236816
uniform_xavier,linear,2,0.8562920843870955,0.8042113780975342
uniform_xavier,linear,3,0.8562920571124559,1.202165126800537
uniform_xavier,linear,1,0.856291995358871,0.3928649425506592
uniform_xavier,linear,2,0.856292068309502,0.7971289157867432
uniform_xavier,linear,3,0.8562921681490421,1.184851884841919
uniform_xavier,linear,1,0.8562920573844306,0.4090428352355957
uniform_xavier,linear,2,0.856292058784195,0.8085713386535645
uniform_xavier,linear,3,0.8562919992168428,1.1974098682403564
uniform_xavier,linear,1,0.8562920928894018,0.7294285297393799
uniform_xavier,linear,2,0.856292060844365,2.30326247215271
uniform_xavier,linear,3,0.8562921274256607,2.995727062225342
uniform_xavier,linear,1,0.8562920703725272,0.39783763885498047
uniform_xavier,linear,2,0.856292058739977,0.8157196044921875
uniform_xavier,linear,3,0.8562920665390561,1.1800706386566162
uniform_xavier,linear,1,0.8562920657788533,0.3953685760498047
uniform_xavier,linear,2,0.8562922556265882,0.8064851760864258
uniform_xavier,linear,3,0.8562920539511409,1.1849970817565918
uniform_xavier,linear,1,0.8562920133550164,0.42172741889953613
uniform_xavier,linear,2,0.8562921523652401,0.8472537994384766
uniform_xavier,linear,3,0.8562920875598066,1.295062780380249
uniform_xavier,linear,1,0.8562919907489034,0.40630388259887695
uniform_xavier,linear,2,0.8562921431074069,0.909048318862915
uniform_xavier,linear,3,0.8562920946747815,2.4229869842529297
uniform_xavier,linear,1,0.8562921331106788,1.0465338230133057
uniform_xavier,linear,2,0.8562920591428962,1.005723476409912
uniform_xavier,linear,3,0.8562920617523145,1.210890293121338
uniform_xavier,linear,1,0.856292070866348,0.4269254207611084
uniform_xavier,linear,2,0.856292087694129,0.8136966228485107
uniform_xavier,linear,3,0.8562920822445581,1.2515296936035156
uniform_xavier,linear,1,0.8562920394857588,0.41982555389404297
uniform_xavier,linear,2,0.8562920449998888,0.8389377593994141
uniform_xavier,linear,3,0.8562920719853563,1.2564427852630615
uniform_xavier,linear,1,0.8562920935931679,0.419173002243042
uniform_xavier,linear,2,0.8562921462165567,0.7940158843994141
uniform_xavier,linear,3,0.856292122429597,1.249260663986206
uniform_xavier,leaky_relu,1,0.3316788075052981,0.7988102436065674
uniform_xavier,leaky_relu,2,0.09135976787912756,3.1797258853912354
uniform_xavier,leaky_relu,3,0.08501368437333846,2.0062294006347656
uniform_xavier,leaky_relu,1,0.29230243180914023,0.711846113204956
uniform_xavier,leaky_relu,2,0.2960462516437509,1.418199062347412
uniform_xavier,leaky_relu,3,0.03600686390854813,2.0195136070251465
uniform_xavier,leaky_relu,1,0.4517946894414277,0.6613030433654785
uniform_xavier,leaky_relu,2,0.10609218198254765,1.3428332805633545
uniform_xavier,leaky_relu,3,0.08462644156914467,2.3906431198120117
uniform_xavier,leaky_relu,1,0.339072648227442,1.5852835178375244
uniform_xavier,leaky_relu,2,0.06576959361508539,1.9672582149505615
uniform_xavier,leaky_relu,3,0.06704645942469373,2.089515209197998
uniform_xavier,leaky_relu,1,0.46079201277131493,0.6589300632476807
uniform_xavier,leaky_relu,2,0.09224327809073202,1.3889527320861816
uniform_xavier,leaky_relu,3,0.07244390612155423,2.0970022678375244
uniform_xavier,leaky_relu,1,0.32948598392522505,0.6769568920135498
uniform_xavier,leaky_relu,2,0.07224797647297415,1.3384268283843994
uniform_xavier,leaky_relu,3,0.03182626852971279,3.8616204261779785
uniform_xavier,leaky_relu,1,0.42225647573690467,0.8978095054626465
uniform_xavier,leaky_relu,2,0.08517580341791725,1.3710434436798096
uniform_xavier,leaky_relu,3,0.08133921581500667,2.0491528511047363
uniform_xavier,leaky_relu,1,0.49059622601580016,0.6783246994018555
uniform_xavier,leaky_relu,2,0.05134301007647853,1.3993711471557617
uniform_xavier,leaky_relu,3,0.07968012567450262,1.9930522441864014
uniform_xavier,leaky_relu,1,0.521922806912757,0.6818385124206543
uniform_xavier,leaky_relu,2,0.10416854064856676,1.6374471187591553
uniform_xavier,leaky_relu,3,0.041968257937561065,3.964235782623291
uniform_xavier,leaky_relu,1,0.4484435196870815,0.6910221576690674
uniform_xavier,leaky_relu,2,0.09076068503136199,1.4342427253723145
uniform_xavier,leaky_relu,3,0.08352058623827292,2.14388108253479
uniform_xavier,leaky_relu,1,0.35552765942392217,0.7020282745361328
uniform_xavier,leaky_relu,2,0.26532255434350227,1.340308666229248
uniform_xavier,leaky_relu,3,0.08223980067357424,2.0584142208099365
uniform_xavier,leaky_relu,1,0.43392587229678553,0.6803431510925293
uniform_xavier,leaky_relu,2,0.10870982582789016,3.2110507488250732
uniform_xavier,leaky_relu,3,0.05005805342666855,2.1766226291656494
uniform_xavier,leaky_relu,1,0.5097683958916458,0.6784782409667969
uniform_xavier,leaky_relu,2,0.05179169098927535,1.4609408378601074
uniform_xavier,leaky_relu,3,0.06264905485084465,2.0592525005340576
uniform_xavier,leaky_relu,1,0.33217546719945173,0.6965992450714111
uniform_xavier,leaky_relu,2,0.10349932115417705,1.444197654724121
uniform_xavier,leaky_relu,3,0.06685718414485305,2.6757521629333496
uniform_xavier,leaky_relu,1,0.44932361266176907,1.5958588123321533
uniform_xavier,leaky_relu,2,0.05342093110562927,1.8244524002075195
uniform_xavier,leaky_relu,3,0.0563343775563671,2.016441822052002
he,relu,1,0.42016762661705165,0.7580444812774658
he,relu,2,0.1391642682334456,1.4586210250854492
he,relu,3,0.06350476056440148,2.1464481353759766
he,relu,1,0.4683562952972462,0.6921601295471191
he,relu,2,0.07364813255843589,1.4517972469329834
he,relu,3,0.060441110761172284,4.025401592254639
he,relu,1,0.4533341401092076,0.685011625289917
he,relu,2,0.07526027070674755,1.4067137241363525
he,relu,3,0.08881108498209926,2.1538500785827637
he,relu,1,0.425342755614574,0.6560585498809814
he,relu,2,0.1308702798896496,1.4896600246429443
he,relu,3,0.09009404233596155,2.1711626052856445
he,relu,1,0.47800673057996884,0.678847074508667
he,relu,2,0.12078938980459358,2.5884764194488525
he,relu,3,0.0664447667530755,2.7856285572052
he,relu,1,0.3402144654516263,0.6927311420440674
he,relu,2,0.3085332707343387,1.3949310779571533
he,relu,3,0.05934799215511739,2.1284639835357666
he,relu,1,0.40264275489707113,0.6631276607513428
he,relu,2,0.3266342461733739,1.5451128482818604
he,relu,3,0.037469329122222464,2.293240785598755
he,relu,1,0.5191101104637904,1.706167459487915
he,relu,2,0.21326977025076624,2.114842176437378
he,relu,3,0.08495994612259809,2.1587419509887695
he,relu,1,0.2993420524318276,0.708266019821167
he,relu,2,0.10559961568179417,1.4549598693847656
he,relu,3,0.0424254874396208,2.172363758087158
he,relu,1,0.3796699443233897,0.7427060604095459
he,relu,2,0.10058485912289969,1.4917829036712646
he,relu,3,0.09665240697192803,4.528446435928345
he,relu,1,0.38730052181049673,1.586158275604248
he,relu,2,0.10602248657999908,1.9422223567962646
he,relu,3,0.14260436573115948,2.162505626678467
he,relu,1,0.5227727418203294,0.6867125034332275
he,relu,2,0.09239218206169028,1.4306704998016357
he,relu,3,0.08928686201197794,2.408036231994629
he,relu,1,0.3414664697083411,1.6560149192810059
he,relu,2,0.09823736856268817,2.1578879356384277
he,relu,3,0.05905156541423544,2.1849889755249023
he,relu,1,0.38479172347815344,1.1628899574279785
he,relu,2,0.23950796063800897,2.962794303894043
he,relu,3,0.047486702547120514,2.0914087295532227
he,relu,1,0.36596512155668715,0.8656213283538818
he,relu,2,0.09193850637445436,3.2480990886688232
he,relu,3,0.08579713969905502,2.101757764816284
he,sigmoid,1,0.8529264676568035,2.102454423904419
he,sigmoid,2,0.5089789509382756,4.171555995941162
he,sigmoid,3,0.638409686890567,7.994021654129028
he,sigmoid,1,0.8570307895547328,2.1218950748443604
he,sigmoid,2,0.8155551856377992,4.273179769515991
he,sigmoid,3,0.5038314839799968,7.9551920890808105
he,sigmoid,1,0.8039381157308798,2.1526222229003906
he,sigmoid,2,0.5484828140938189,4.628442287445068
he,sigmoid,3,0.35677412281429477,7.5963099002838135
he,sigmoid,1,0.8411392370382189,2.112698554992676
he,sigmoid,2,0.6205130696040899,5.753276109695435
he,sigmoid,3,0.6737631816739652,6.4565863609313965
he,sigmoid,1,0.7358482066787435,2.1454973220825195
he,sigmoid,2,0.702796665488464,5.631589889526367
he,sigmoid,3,0.7592807816954953,6.438248634338379
he,sigmoid,1,0.8145477015370317,2.1198976039886475
he,sigmoid,2,0.5743442627701923,5.69308614730835
he,sigmoid,3,0.48963251831095705,6.336371421813965
he,sigmoid,1,0.6121138745797028,2.423985004425049
he,sigmoid,2,0.4981786951011275,5.450637102127075
he,sigmoid,3,0.3443395981843913,6.2789695262908936
he,sigmoid,1,0.6032593382571723,3.398627996444702
he,sigmoid,2,0.7325458378398617,4.515011787414551
he,sigmoid,3,0.519306900664714,6.516667366027832
he,sigmoid,1,0.727616623928232,3.5114734172821045
he,sigmoid,2,0.6210064585261916,4.2636878490448
he,sigmoid,3,0.3828230475127007,7.273279666900635
he,sigmoid,1,0.8622953482991209,2.685346841812134
he,sigmoid,2,0.6529256510823156,4.334455490112305
he,sigmoid,3,0.5088360879939654,7.879871606826782
he,sigmoid,1,0.6869795091093536,2.173377752304077
he,sigmoid,2,0.8373979044236739,4.2223219871521
he,sigmoid,3,0.6170039183715453,7.853472471237183
he,sigmoid,1,0.5003182437607324,3.7692933082580566
he,sigmoid,2,0.5460604302330488,4.212278366088867
he,sigmoid,3,0.7046188961935952,7.99057936668396
he,sigmoid,1,0.831910418608695,2.1805739402770996
he,sigmoid,2,0.6208952706721292,4.666123867034912
he,sigmoid,3,0.3375342334231747,7.655055999755859
he,sigmoid,1,0.49408706684139664,3.553680181503296
he,sigmoid,2,0.7155268308754187,5.93760347366333
he,sigmoid,3,0.5776046042123983,6.324700355529785
he,sigmoid,1,0.6645210136512385,2.16542911529541
he,sigmoid,2,0.576709134412679,5.870184898376465
he,sigmoid,3,0.684957410033161,6.502952814102173
he,tanh,1,0.5248217537204264,6.103391170501709
he,tanh,2,0.13228853560805764,9.639028310775757
he,tanh,3,0.24222564804477917,15.702184438705444
he,tanh,1,0.5186730957355925,4.581401824951172
he,tanh,2,0.4237783789058391,10.467803478240967
he,tanh,3,0.13769209312586367,14.915130615234375
he,tanh,1,0.5497746266462294,4.549069166183472
he,tanh,2,0.2966025459626995,10.461267948150635
he,tanh,3,0.29324921121392145,14.914180517196655
he,tanh,1,0.4916540973252351,6.021016836166382
he,tanh,2,0.1179381171007346,9.410929918289185
he,tanh,3,0.18234989058612253,17.720520496368408
he,tanh,1,0.4954749302480529,4.539687395095825
he,tanh,2,0.24375819814004937,10.56423830986023
he,tanh,3,0.19388308726282172,14.886868715286255
he,tanh,1,0.49128076889824945,4.500792503356934
he,tanh,2,0.285695799956898,10.247441053390503
he,tanh,3,0.07922079753410817,15.318278789520264
he,tanh,1,0.45380847916598793,6.656770944595337
he,tanh,2,0.14388178182593392,10.25557255744934
he,tanh,3,0.22086531047295194,15.399089574813843
he,tanh,1,0.46801500324801465,4.533407688140869
he,tanh,2,0.27703435956951034,10.45766544342041
he,tanh,3,0.3227897493195454,14.83713150024414
he,tanh,1,0.5400765383578389,4.530676603317261
he,tanh,2,0.4697694111601508,10.357015132904053
he,tanh,3,0.30126475307094824,14.915501832962036
he,tanh,1,0.5337138753496623,7.223607301712036
he,tanh,2,0.0963223815524765,9.210407257080078
he,tanh,3,0.09193410447609955,15.541839599609375
he,tanh,1,0.4994355690293063,4.532105445861816
he,tanh,2,0.4894520863932685,10.354512453079224
he,tanh,3,0.07925536516465348,14.790706872940063
he,tanh,1,0.5241202831928518,4.562814235687256
he,tanh,2,0.2799633627081689,10.410482406616211
he,tanh,3,0.12603614458110074,14.94611668586731
he,tanh,1,0.45246948957413585,5.826017141342163
he,tanh,2,0.29718174812513043,9.036104679107666
he,tanh,3,0.46093489061553333,15.846409559249878
he,tanh,1,0.49109889242807037,6.1837849617004395
he,tanh,2,0.47311938994433406,10.270226001739502
he,tanh,3,0.3320412720441199,14.785366773605347
he,tanh,1,0.4970673707368338,4.547513484954834
he,tanh,2,0.2884220139484836,10.411653518676758
he,tanh,3,0.2953932838719435,16.18716788291931
he,linear,1,0.8562920609935802,0.4055917263031006
he,linear,2,0.8562921539396456,0.8355395793914795
he,linear,3,0.8562922062506231,1.2068276405334473
he,linear,1,0.8562921618909661,0.39556884765625
he,linear,2,0.8562920310856617,0.828481912612915
he,linear,3,0.8562919285230494,3.039158344268799
he,linear,1,0.8562920720394978,0.6094720363616943
he,linear,2,0.8562920944287429,0.8814215660095215
he,linear,3,0.8562921453866822,1.2074384689331055
he,linear,1,0.8562920622840149,0.4129776954650879
he,linear,2,0.8562920852589319,0.8180997371673584
he,linear,3,0.8562920816571619,1.1998765468597412
he,linear,1,0.8562921187512291,0.40640974044799805
he,linear,2,0.8562920427260917,0.81760573387146
he,linear,3,0.8562920173796597,1.171090841293335
he,linear,1,0.8562920938440746,0.4423081874847412
he,linear,2,0.8562920220516567,0.8201360702514648
he,linear,3,0.8562920635945109,1.1909255981445312
he,linear,1,0.8562920705928899,0.709646463394165
he,linear,2,0.8562920468791129,1.919409990310669
he,linear,3,0.856292103073834,1.8084418773651123
he,linear,1,0.8562921194013547,0.4098937511444092
he,linear,2,0.8562921344443589,0.8612606525421143
he,linear,3,0.8562921384894523,1.2867417335510254
he,linear,1,0.8562920582465138,0.43738889694213867
he,linear,2,0.8562921685887392,0.8448262214660645
he,linear,3,0.8562919746079554,1.189042568206787
he,linear,1,0.8562921020290192,0.3963494300842285
he,linear,2,0.8562920132804129,0.8210535049438477
he,linear,3,0.8562921436964707,1.2253468036651611
he,linear,1,0.8562921183074205,0.443469762802124
he,linear,2,0.856292039888967,0.8236780166625977
he,linear,3,0.8562920940108966,2.4063329696655273
he,linear,1,0.8562920225442919,1.24310302734375
he,linear,2,0.8562920362770018,0.8480424880981445
he,linear,3,0.856292118982921,1.2789404392242432
he,linear,1,0.8562921357203136,0.4408903121948242
he,linear,2,0.8562920329096737,0.8902709484100342
he,linear,3,0.8562921246162479,1.218456745147705
he,linear,1,0.8562920633080489,0.439953088760376
he,linear,2,0.8562920830129628,0.8218867778778076
he,linear,3,0.8562919922050313,1.2085926532745361
he,linear,1,0.8562921093065331,0.40888333320617676
he,linear,2,0.8562920391012219,0.8193738460540771
he,linear,3,0.8562920327081556,1.2024931907653809
he,leaky_relu,1,0.3912192904250995,1.082430124282837
he,leaky_relu,2,0.24731192252857687,2.9077086448669434
he,leaky_relu,3,0.0522304670627704,2.055258274078369
he,leaky_relu,1,0.30369430171254674,0.7594602108001709
he,leaky_relu,2,0.12440106216710782,1.4557292461395264
he,leaky_relu,3,0.10030303709595055,2.209888458251953
he,leaky_relu,1,0.3366213638401899,0.725299596786499
he,leaky_relu,2,0.11554807256771252,1.4090609550476074
he,leaky_relu,3,0.04022573964796282,3.1472716331481934
he,leaky_relu,1,0.450767648383999,1.4602766036987305
he,leaky_relu,2,0.07916167795493893,1.3594036102294922
he,leaky_relu,3,0.1306879192284253,2.0816490650177
he,leaky_relu,1,0.5194530031751255,0.6645684242248535
he,leaky_relu,2,0.20011744394325295,1.39286470413208
he,leaky_relu,3,0.29115550254029865,2.0657901763916016
he,leaky_relu,1,0.44468423828226616,0.6607551574707031
he,leaky_relu,2,0.20874803319242996,1.2973768711090088
he,leaky_relu,3,0.2622425208164159,4.011819362640381
he,leaky_relu,1,0.4726284803961956,0.6063442230224609
he,leaky_relu,2,0.06945229744218111,1.31903076171875
he,leaky_relu,3,0.08979855541767781,1.999234676361084
he,leaky_relu,1,0.4826391339468547,0.6725976467132568
he,leaky_relu,2,0.09271001765467145,1.4025673866271973
he,leaky_relu,3,0.053946631411051965,1.9678966999053955
he,leaky_relu,1,0.457534014112253,0.7530460357666016
he,leaky_relu,2,0.09044210209086816,1.91471266746521
he,leaky_relu,3,0.040695797984732815,3.1899197101593018
he,leaky_relu,1,0.46767636044472805,0.6121690273284912
he,leaky_relu,2,0.12885240038272336,1.3717124462127686
he,leaky_relu,3,0.3602583340013723,1.9188854694366455
he,leaky_relu,1,0.4204851288250759,0.6544873714447021
he,leaky_relu,2,0.14113411094871614,1.3341643810272217
he,leaky_relu,3,0.04506436502737138,2.0822575092315674
he,leaky_relu,1,0.38568141500694786,0.6747150421142578
he,leaky_relu,2,0.23048255698865547,2.744924306869507
he,leaky_relu,3,0.05179068794123969,2.607191562652588
he,leaky_relu,1,0.4446531632938956,0.6966385841369629
he,leaky_relu,2,0.07390001235349831,1.348982572555542
he,leaky_relu,3,0.05390178106086246,2.0831000804901123
he,leaky_relu,1,0.42275077173449227,0.7040812969207764
he,leaky_relu,2,0.15073982829240537,1.306962490081787
he,leaky_relu,3,0.03416703719361155,2.1078436374664307
he,leaky_relu,1,0.3855501650881632,1.5421969890594482
he,leaky_relu,2,0.13453655364035863,2.457348346710205
he,leaky_relu,3,0.17773255289985168,1.9728703498840332
normal_xavier,relu,1,0.4349305864983243,0.6870195865631104
normal_xavier,relu,2,0.45695189927485114,1.3099501132965088
normal_xavier,relu,3,0.07226692911333794,2.0796008110046387
normal_xavier,relu,1,0.36403185558722007,0.7204480171203613
normal_xavier,relu,2,0.12798019281157935,1.3458130359649658
normal_xavier,relu,3,0.0679224968234349,2.708881139755249
normal_xavier,relu,1,0.378748232664606,1.5596778392791748
normal_xavier,relu,2,0.10282870180307259,1.6150012016296387
normal_xavier,relu,3,0.29815240756442224,1.9537394046783447
normal_xavier,relu,1,0.4437255957574057,0.71248459815979
normal_xavier,relu,2,0.09303486775793349,1.4483377933502197
normal_xavier,relu,3,0.06050121383696619,2.1107232570648193
normal_xavier,relu,1,0.44081096581449203,0.7045149803161621
normal_xavier,relu,2,0.06722564723708493,1.4307770729064941
normal_xavier,relu,3,0.04958945344019098,3.961916923522949
normal_xavier,relu,1,0.35587978386988756,0.7005109786987305
normal_xavier,relu,2,0.10177221001324747,1.3697471618652344
normal_xavier,relu,3,0.037838708467391784,2.145036220550537
normal_xavier,relu,1,0.3871772951722539,0.6968245506286621
normal_xavier,relu,2,0.2992771414658161,1.3483998775482178
normal_xavier,relu,3,0.27561291834094326,2.1082847118377686
normal_xavier,relu,1,0.5466639922904333,0.7530276775360107
normal_xavier,relu,2,0.09479192672275631,2.2263875007629395
normal_xavier,relu,3,0.08885234141318751,3.10249662399292
normal_xavier,relu,1,0.4321691241662123,0.7146236896514893
normal_xavier,relu,2,0.13902974945100544,2.7824933528900146
normal_xavier,relu,3,0.08905347773498531,2.837878704071045
normal_xavier,relu,1,0.38899180401656147,1.556030035018921
normal_xavier,relu,2,0.4231043672290175,3.051140069961548
normal_xavier,relu,3,0.04316320278225956,2.874438524246216
normal_xavier,relu,1,0.4146347141280415,0.712742805480957
normal_xavier,relu,2,0.28444853682391863,1.3947806358337402
normal_xavier,relu,3,0.049715537586305134,2.1266977787017822
normal_xavier,relu,1,0.37999393223528855,0.6631145477294922
normal_xavier,relu,2,0.0910099329267075,1.4030389785766602
normal_xavier,relu,3,0.04027379545658037,2.107510805130005
normal_xavier,relu,1,0.44970510089738586,1.506998062133789
normal_xavier,relu,2,0.05268104439687066,2.4477288722991943
normal_xavier,relu,3,0.05137731186895211,2.1037790775299072
normal_xavier,relu,1,0.45868148719734053,0.7557282447814941
normal_xavier,relu,2,0.2962025522171894,1.480306625366211
normal_xavier,relu,3,0.11977181033705109,2.1100218296051025
normal_xavier,relu,1,0.4456218723731711,0.7460107803344727
normal_xavier,relu,2,0.3061510767002398,1.326181173324585
normal_xavier,relu,3,0.08278438022464214,3.674793243408203
normal_xavier,sigmoid,1,0.8457321133988691,2.2009739875793457
normal_xavier,sigmoid,2,0.4927734730430819,4.239426374435425
normal_xavier,sigmoid,3,0.6960961310976976,7.86738920211792
normal_xavier,sigmoid,1,0.5260565380307498,2.1059653759002686
normal_xavier,sigmoid,2,0.470021744683965,4.233834743499756
normal_xavier,sigmoid,3,0.7116654258616205,7.885157823562622
normal_xavier,sigmoid,1,0.8180618720648388,2.085933208465576
normal_xavier,sigmoid,2,0.5408205412885198,4.164154291152954
normal_xavier,sigmoid,3,0.7246989071430882,8.022287845611572
normal_xavier,sigmoid,1,0.5881613315957368,2.1211392879486084
normal_xavier,sigmoid,2,0.7740421881769821,4.214197874069214
normal_xavier,sigmoid,3,0.6332781503801318,7.851623296737671
normal_xavier,sigmoid,1,0.7449866678738811,2.0672085285186768
normal_xavier,sigmoid,2,0.739050673182686,4.1627819538116455
normal_xavier,sigmoid,3,0.7099642994109224,7.934694766998291
normal_xavier,sigmoid,1,0.7628074955663178,2.1269657611846924
normal_xavier,sigmoid,2,0.7078853655563356,4.7517688274383545
normal_xavier,sigmoid,3,0.6469303075212508,7.1333253383636475
normal_xavier,sigmoid,1,0.49782191494133887,2.1012184619903564
normal_xavier,sigmoid,2,0.7421813380251479,5.499142169952393
normal_xavier,sigmoid,3,0.6815314479995342,6.374566078186035
normal_xavier,sigmoid,1,0.8593676866238644,2.141343593597412
normal_xavier,sigmoid,2,0.6133000070486023,5.912961483001709
normal_xavier,sigmoid,3,0.5926959679014587,6.2480552196502686
normal_xavier,sigmoid,1,0.7325730792110117,2.0902416706085205
normal_xavier,sigmoid,2,0.7862289131571756,5.638875484466553
normal_xavier,sigmoid,3,0.4068219411259491,6.178086042404175
normal_xavier,sigmoid,1,0.6638615378837823,2.1012189388275146
normal_xavier,sigmoid,2,0.7164375264546354,5.898415565490723
normal_xavier,sigmoid,3,0.6823997170872629,6.265108585357666
normal_xavier,sigmoid,1,0.8563514548293562,3.3069112300872803
normal_xavier,sigmoid,2,0.49723583736077753,5.879290580749512
normal_xavier,sigmoid,3,0.684978392568765,6.342510223388672
normal_xavier,sigmoid,1,0.586113746110366,3.4091429710388184
normal_xavier,sigmoid,2,0.6335790205424746,4.681137561798096
normal_xavier,sigmoid,3,0.6778624153169805,6.392010927200317
normal_xavier,sigmoid,1,0.6952557540067807,3.692011833190918
normal_xavier,sigmoid,2,0.6207099518198596,4.2026207447052
normal_xavier,sigmoid,3,0.6615769363418658,7.459137439727783
normal_xavier,sigmoid,1,0.660576061089506,3.7864222526550293
normal_xavier,sigmoid,2,0.5476491947136083,4.175473213195801
normal_xavier,sigmoid,3,0.6739620775185541,7.687648057937622
normal_xavier,sigmoid,1,0.5066023072236993,2.136899948120117
normal_xavier,sigmoid,2,0.780971222478844,4.120750904083252
normal_xavier,sigmoid,3,0.6523337840177051,7.945513963699341
normal_xavier,tanh,1,0.495331607603999,4.5295281410217285
normal_xavier,tanh,2,0.45794622621505837,10.352358341217041
normal_xavier,tanh,3,0.2899540956243871,14.756298065185547
normal_xavier,tanh,1,0.4777881111838642,4.554765939712524
normal_xavier,tanh,2,0.31426680229787324,10.300837516784668
normal_xavier,tanh,3,0.28230913123559137,14.677710771560669
normal_xavier,tanh,1,0.47762448680614183,5.966998100280762
normal_xavier,tanh,2,0.27055785148872735,9.007208108901978
normal_xavier,tanh,3,0.2649269597098306,16.195400953292847
normal_xavier,tanh,1,0.4979494754269813,4.5799877643585205
normal_xavier,tanh,2,0.4022576046387829,11.708519220352173
normal_xavier,tanh,3,0.09112074461042345,14.817124843597412
normal_xavier,tanh,1,0.509116234182294,4.575467109680176
normal_xavier,tanh,2,0.4660451153232864,10.197954654693604
normal_xavier,tanh,3,0.419162557419105,14.74350881576538
normal_xavier,tanh,1,0.5068862408097167,5.915699005126953
normal_xavier,tanh,2,0.4672009359339048,8.951455116271973
normal_xavier,tanh,3,0.3257194371986002,15.80530595779419
normal_xavier,tanh,1,0.5084367741647232,4.850640058517456
normal_xavier,tanh,2,0.46036108354756367,11.654175043106079
normal_xavier,tanh,3,0.2618324977172298,14.752771615982056
normal_xavier,tanh,1,0.4995457788810796,4.550103425979614
normal_xavier,tanh,2,0.10836999838923989,17.218809604644775
normal_xavier,tanh,3,0.12361615545171145,15.22412633895874
normal_xavier,tanh,1,0.5367135826100583,4.527139902114868
normal_xavier,tanh,2,0.2705947177885176,10.33087944984436
normal_xavier,tanh,3,0.07424933240681833,16.27277421951294
normal_xavier,tanh,1,0.47176096574670123,4.506285190582275
normal_xavier,tanh,2,0.41321252221957083,10.38483715057373
normal_xavier,tanh,3,0.499995877748839,15.073255777359009
normal_xavier,tanh,1,0.46541636721985913,5.998219966888428
normal_xavier,tanh,2,0.4470229448468244,8.964968919754028
normal_xavier,tanh,3,0.24504537592069991,15.973260402679443
normal_xavier,tanh,1,0.4939408155009169,4.801051139831543
normal_xavier,tanh,2,0.16668055489657735,10.30546760559082
normal_xavier,tanh,3,0.2413615408849192,14.767881870269775
normal_xavier,tanh,1,0.49296690453486847,4.521481037139893
normal_xavier,tanh,2,0.3835046009258781,10.355188131332397
normal_xavier,tanh,3,0.21235095323141148,14.57689905166626
normal_xavier,tanh,1,0.4927472353004315,5.643273830413818
normal_xavier,tanh,2,0.48726628605205363,10.540587663650513
normal_xavier,tanh,3,0.44231834985586804,16.338183641433716
normal_xavier,tanh,1,0.5472383219165322,4.53550386428833
normal_xavier,tanh,2,0.49541282220648464,11.516565799713135
normal_xavier,tanh,3,0.08360763124747007,14.809283018112183
normal_xavier,linear,1,0.8562920841376331,0.40558838844299316
normal_xavier,linear,2,0.8562920606777675,0.8168320655822754
normal_xavier,linear,3,0.8562920439067612,1.184741497039795
normal_xavier,linear,1,0.8562920603117005,0.435821533203125
normal_xavier,linear,2,0.8562920548007532,0.8005681037902832
normal_xavier,linear,3,0.8562921117048943,1.1780095100402832
normal_xavier,linear,1,0.8562920086088966,0.40000486373901367
normal_xavier,linear,2,0.8562920656323526,1.057422161102295
normal_xavier,linear,3,0.856292141459943,2.7906627655029297
normal_xavier,linear,1,0.8562921107580332,0.4215390682220459
normal_xavier,linear,2,0.8562920459190532,0.8402206897735596
normal_xavier,linear,3,0.8562921181944037,1.1836953163146973
normal_xavier,linear,1,0.8562921070633583,0.4425487518310547
normal_xavier,linear,2,0.8562921474678308,0.8110578060150146
normal_xavier,linear,3,0.8562921337413577,1.1984093189239502
normal_xavier,linear,1,0.8562920462361681,0.4506492614746094
normal_xavier,linear,2,0.8562920339050893,0.8167731761932373
normal_xavier,linear,3,0.8562920842289063,1.1910758018493652
normal_xavier,linear,1,0.8562920865678304,0.39800357818603516
normal_xavier,linear,2,0.8562920932153241,0.7961318492889404
normal_xavier,linear,3,0.8562921189064366,1.2061059474945068
normal_xavier,linear,1,0.8562920839866967,0.7258310317993164
normal_xavier,linear,2,0.8562921140619099,2.026883125305176
normal_xavier,linear,3,0.8562921318441568,1.7473669052124023
normal_xavier,linear,1,0.8562921234848554,0.42534399032592773
normal_xavier,linear,2,0.8562921518623096,0.8294951915740967
normal_xavier,linear,3,0.8562920623161289,1.2104074954986572
normal_xavier,linear,1,0.8562921019812327,0.39000606536865234
normal_xavier,linear,2,0.8562920186554275,0.8166754245758057
normal_xavier,linear,3,0.8562921261513936,1.1648132801055908
normal_xavier,linear,1,0.8562920526632655,0.3963613510131836
normal_xavier,linear,2,0.8562920564098734,0.795417308807373
normal_xavier,linear,3,0.8562921435710945,1.2001824378967285
normal_xavier,linear,1,0.8562921126315758,0.41913843154907227
normal_xavier,linear,2,0.8562921354866474,0.8006572723388672
normal_xavier,linear,3,0.8562920397289739,1.8315038681030273
normal_xavier,linear,1,0.8562920621939295,1.0130786895751953
normal_xavier,linear,2,0.856292100500779,1.44502592086792
normal_xavier,linear,3,0.8562920231736716,1.1768240928649902
normal_xavier,linear,1,0.8562920676837905,0.4084923267364502
normal_xavier,linear,2,0.8562920624643557,0.7956221103668213
normal_xavier,linear,3,0.8562920991764824,1.197648286819458
normal_xavier,linear,1,0.8562921041851285,0.4363701343536377
normal_xavier,linear,2,0.856292073642367,0.7612283229827881
normal_xavier,linear,3,0.8562920447313179,1.1924216747283936
normal_xavier,leaky_relu,1,0.45743785840638257,0.6698811054229736
normal_xavier,leaky_relu,2,0.19532813005151423,1.4013919830322266
normal_xavier,leaky_relu,3,0.052658988079062614,2.7387912273406982
normal_xavier,leaky_relu,1,0.3916642618725016,1.5449497699737549
normal_xavier,leaky_relu,2,0.0887144143192476,1.6640570163726807
normal_xavier,leaky_relu,3,0.032783433318105085,2.108132839202881
normal_xavier,leaky_relu,1,0.38563590401657993,0.6933736801147461
normal_xavier,leaky_relu,2,0.27710370148054825,1.3297581672668457
normal_xavier,leaky_relu,3,0.09057542225313997,2.0664358139038086
normal_xavier,leaky_relu,1,0.5205577763749245,0.7086949348449707
normal_xavier,leaky_relu,2,0.0918327831302734,1.3150336742401123
normal_xavier,leaky_relu,3,0.03600017006649237,3.893602132797241
normal_xavier,leaky_relu,1,0.5274821298756618,0.6276116371154785
normal_xavier,leaky_relu,2,0.1075635273203782,1.327690601348877
normal_xavier,leaky_relu,3,0.04368886436067818,2.0339529514312744
normal_xavier,leaky_relu,1,0.5314929259709368,0.6430108547210693
normal_xavier,leaky_relu,2,0.300349424057964,1.303013801574707
normal_xavier,leaky_relu,3,0.050043103039662355,1.9920904636383057
normal_xavier,leaky_relu,1,0.44771944068149677,0.6882586479187012
normal_xavier,leaky_relu,2,0.13396831139620435,1.5565049648284912
normal_xavier,leaky_relu,3,0.03975739098570733,3.87125301361084
normal_xavier,leaky_relu,1,0.3020993895869661,0.7259402275085449
normal_xavier,leaky_relu,2,0.27601618246467396,1.4225969314575195
normal_xavier,leaky_relu,3,0.03457165190658392,2.070359945297241
normal_xavier,leaky_relu,1,0.40786063652731686,0.6978650093078613
normal_xavier,leaky_relu,2,0.07805817071411314,1.3522720336914062
normal_xavier,leaky_relu,3,0.049043050999892555,2.1242458820343018
normal_xavier,leaky_relu,1,0.4300734413606361,0.6964461803436279
normal_xavier,leaky_relu,2,0.18130371801838455,2.9688990116119385
normal_xavier,leaky_relu,3,0.11066762843918983,2.2264866828918457
normal_xavier,leaky_relu,1,0.3823081058940304,0.6799459457397461
normal_xavier,leaky_relu,2,0.05642036661843671,1.4312772750854492
normal_xavier,leaky_relu,3,0.050042805815672824,2.017944812774658
normal_xavier,leaky_relu,1,0.45348768305123305,0.7119882106781006
normal_xavier,leaky_relu,2,0.09082314195457293,1.3471055030822754
normal_xavier,leaky_relu,3,0.06374097161915111,2.372004985809326
normal_xavier,leaky_relu,1,0.4311395751058871,1.5198869705200195
normal_xavier,leaky_relu,2,0.09649552091150201,2.090609550476074
normal_xavier,leaky_relu,3,0.06331912822458385,2.0848076343536377
normal_xavier,leaky_relu,1,0.44533268736574533,0.6645898818969727
normal_xavier,leaky_relu,2,0.3449516589942168,1.3192143440246582
normal_xavier,leaky_relu,3,0.046194811434929546,2.0419979095458984
normal_xavier,leaky_relu,1,0.5224146238984881,0.6957850456237793
normal_xavier,leaky_relu,2,0.16260537624966778,1.3755643367767334
normal_xavier,leaky_relu,3,0.10167623257164192,3.3129143714904785
uniform_minus_one_one,relu,1,0.33230671599596634,1.1528589725494385
uniform_minus_one_one,relu,2,0.2977768647796563,1.4653849601745605
uniform_minus_one_one,relu,3,0.15870973532875013,2.067708730697632
uniform_minus_one_one,relu,1,0.3468145213894975,0.6773097515106201
uniform_minus_one_one,relu,2,0.20359648658092,1.3977313041687012
uniform_minus_one_one,relu,3,0.17978361974228493,2.1250808238983154
uniform_minus_one_one,relu,1,0.41409419781844026,0.7053020000457764
uniform_minus_one_one,relu,2,0.09170384490098715,1.7215046882629395
uniform_minus_one_one,relu,3,0.0899233056894965,3.389951705932617
uniform_minus_one_one,relu,1,0.2763966035578901,0.6878180503845215
uniform_minus_one_one,relu,2,0.2440878462949884,1.4355382919311523
uniform_minus_one_one,relu,3,0.20810261096577795,2.0604987144470215
uniform_minus_one_one,relu,1,0.45119085522106755,0.6955809593200684
uniform_minus_one_one,relu,2,0.26177310863974007,1.5387330055236816
uniform_minus_one_one,relu,3,0.05508478981268661,2.12996244430542
uniform_minus_one_one,relu,1,0.5198822930897106,0.8712005615234375
uniform_minus_one_one,relu,2,0.07439910962902029,3.129321336746216
uniform_minus_one_one,relu,3,0.06546421816137837,2.0796754360198975
uniform_minus_one_one,relu,1,0.4094505395258866,0.7010440826416016
uniform_minus_one_one,relu,2,0.6297960299000408,1.37306809425354
uniform_minus_one_one,relu,3,0.06886645302598288,2.1174352169036865
uniform_minus_one_one,relu,1,0.3683331958703113,0.7532041072845459
uniform_minus_one_one,relu,2,0.24727619630946565,1.4222452640533447
uniform_minus_one_one,relu,3,0.06497339545722636,2.727759599685669
uniform_minus_one_one,relu,1,0.45867894800275666,1.7235546112060547
uniform_minus_one_one,relu,2,0.12230801401805362,1.5821902751922607
uniform_minus_one_one,relu,3,0.09130600923288792,2.0714902877807617
uniform_minus_one_one,relu,1,0.4259220977083674,0.6795084476470947
uniform_minus_one_one,relu,2,0.15411902299203775,2.0757641792297363
uniform_minus_one_one,relu,3,0.07222703341953433,3.312711238861084
uniform_minus_one_one,relu,1,0.37715163221964415,0.958442211151123
uniform_minus_one_one,relu,2,0.22959967220937524,2.9344983100891113
uniform_minus_one_one,relu,3,0.0613837119163639,2.128502607345581
uniform_minus_one_one,relu,1,0.3428103374067105,0.6964986324310303
uniform_minus_one_one,relu,2,0.18927428557806636,1.3632943630218506
uniform_minus_one_one,relu,3,0.08685586974085788,2.29036021232605
uniform_minus_one_one,relu,1,0.41980856655138316,1.5377302169799805
uniform_minus_one_one,relu,2,0.27601698946991554,2.6511223316192627
uniform_minus_one_one,relu,3,0.06420297602544306,3.3341901302337646
uniform_minus_one_one,relu,1,0.3856291331932229,0.7291228771209717
uniform_minus_one_one,relu,2,0.09067298624337883,1.4017770290374756
uniform_minus_one_one,relu,3,0.25264899003184366,2.032111883163452
uniform_minus_one_one,relu,1,0.520204019625847,0.6686642169952393
uniform_minus_one_one,relu,2,0.31951120872195926,1.4042418003082275
uniform_minus_one_one,relu,3,0.08893622105416372,2.1129164695739746
uniform_minus_one_one,sigmoid,1,0.760829059539155,3.3788697719573975
uniform_minus_one_one,sigmoid,2,0.48068125367730863,4.398349761962891
uniform_minus_one_one,sigmoid,3,0.5730124549210006,6.205721378326416
uniform_minus_one_one,sigmoid,1,0.6976057168400671,3.5313029289245605
uniform_minus_one_one,sigmoid,2,0.5317744333257302,4.150414228439331
uniform_minus_one_one,sigmoid,3,0.3948407857646743,6.703059911727905
uniform_minus_one_one,sigmoid,1,0.5417583638205621,2.9290432929992676
uniform_minus_one_one,sigmoid,2,0.5006566872629882,4.127718448638916
uniform_minus_one_one,sigmoid,3,0.38396403848777927,7.535162448883057
uniform_minus_one_one,sigmoid,1,0.543772162710836,2.234802722930908
uniform_minus_one_one,sigmoid,2,0.6070255996392594,4.11745548248291
uniform_minus_one_one,sigmoid,3,0.6540995652678498,7.637894630432129
uniform_minus_one_one,sigmoid,1,0.677337615010742,2.1103827953338623
uniform_minus_one_one,sigmoid,2,0.49139677999567705,4.081322908401489
uniform_minus_one_one,sigmoid,3,0.403551170853906,7.814272880554199
uniform_minus_one_one,sigmoid,1,0.7200195096548515,2.122169017791748
uniform_minus_one_one,sigmoid,2,0.50823132332073,4.222081422805786
uniform_minus_one_one,sigmoid,3,0.3944902934209625,7.90434455871582
uniform_minus_one_one,sigmoid,1,0.836676904846569,2.0920097827911377
uniform_minus_one_one,sigmoid,2,0.7855960437478807,4.158972978591919
uniform_minus_one_one,sigmoid,3,0.7308402329747781,7.8095293045043945
uniform_minus_one_one,sigmoid,1,0.8519778348626046,2.093783378601074
uniform_minus_one_one,sigmoid,2,0.4852986090973301,4.120431900024414
uniform_minus_one_one,sigmoid,3,0.6720951678675473,7.689005374908447
uniform_minus_one_one,sigmoid,1,0.7858305694334101,2.129446029663086
uniform_minus_one_one,sigmoid,2,0.8190220106388335,4.390727758407593
uniform_minus_one_one,sigmoid,3,0.6390953461968369,7.362115144729614
uniform_minus_one_one,sigmoid,1,0.8578673277454512,2.1100175380706787
uniform_minus_one_one,sigmoid,2,0.5372814849410817,5.199013710021973
uniform_minus_one_one,sigmoid,3,0.37121710616236936,6.7447121143341064
uniform_minus_one_one,sigmoid,1,0.7487955818968333,2.105551242828369
uniform_minus_one_one,sigmoid,2,0.5039166555000488,6.276825189590454
uniform_minus_one_one,sigmoid,3,0.7209680265971252,6.971034049987793
uniform_minus_one_one,sigmoid,1,0.6130382322780588,2.115344762802124
uniform_minus_one_one,sigmoid,2,0.4260955111736574,5.655477523803711
uniform_minus_one_one,sigmoid,3,0.4870481732118202,6.135979890823364
uniform_minus_one_one,sigmoid,1,0.49939680615190585,2.125096559524536
uniform_minus_one_one,sigmoid,2,0.7752303308572867,5.634137153625488
uniform_minus_one_one,sigmoid,3,0.5510352561789208,6.197634935379028
uniform_minus_one_one,sigmoid,1,0.8676511757180356,2.1111268997192383
uniform_minus_one_one,sigmoid,2,0.6916596824725549,5.760912656784058
uniform_minus_one_one,sigmoid,3,0.6954488105257731,6.098144292831421
uniform_minus_one_one,sigmoid,1,0.6929101260617613,2.255052328109741
uniform_minus_one_one,sigmoid,2,0.5700080298835142,5.564566612243652
uniform_minus_one_one,sigmoid,3,0.4703110346895723,8.12840986251831
uniform_minus_one_one,tanh,1,0.5012332257508164,5.656316041946411
uniform_minus_one_one,tanh,2,0.14542977912059446,10.384042263031006
uniform_minus_one_one,tanh,3,0.11797762244323648,14.75902009010315
uniform_minus_one_one,tanh,1,0.5041355634968513,4.642328500747681
uniform_minus_one_one,tanh,2,0.4219974853013306,10.084306001663208
uniform_minus_one_one,tanh,3,0.25175047118143656,14.761921405792236
uniform_minus_one_one,tanh,1,0.4999561209277451,4.839359998703003
uniform_minus_one_one,tanh,2,0.11282851563954308,9.926893949508667
uniform_minus_one_one,tanh,3,0.14762625192121384,14.817882299423218
uniform_minus_one_one,tanh,1,0.5008137112762838,5.894237518310547
uniform_minus_one_one,tanh,2,0.3694625871577076,9.716238021850586
uniform_minus_one_one,tanh,3,0.14249178099845325,16.785296201705933
uniform_minus_one_one,tanh,1,0.48437864854834867,4.534487009048462
uniform_minus_one_one,tanh,2,0.3001661104808616,10.194902420043945
uniform_minus_one_one,tanh,3,0.08574383301072179,14.67985200881958
uniform_minus_one_one,tanh,1,0.5205249648769764,4.781862735748291
uniform_minus_one_one,tanh,2,0.27449553998367376,10.175894498825073
uniform_minus_one_one,tanh,3,0.19971326233802975,14.596289157867432
uniform_minus_one_one,tanh,1,0.520458427360189,5.875317573547363
uniform_minus_one_one,tanh,2,0.4534428882169561,9.560731172561646
uniform_minus_one_one,tanh,3,0.07738719294762868,15.364573240280151
uniform_minus_one_one,tanh,1,0.4884440905613132,4.53610372543335
uniform_minus_one_one,tanh,2,0.3891780921437294,11.499273300170898
uniform_minus_one_one,tanh,3,0.325981334715351,14.474452495574951
uniform_minus_one_one,tanh,1,0.5319851297715944,4.519259452819824
uniform_minus_one_one,tanh,2,0.27551313838693353,10.391147375106812
uniform_minus_one_one,tanh,3,0.07955556818779673,14.808598756790161
uniform_minus_one_one,tanh,1,0.4759052118790533,5.948453187942505
uniform_minus_one_one,tanh,2,0.21147173738120972,12.834132432937622
uniform_minus_one_one,tanh,3,0.08404784230675236,14.69828486442566
uniform_minus_one_one,tanh,1,0.47761478384121747,4.572102785110474
uniform_minus_one_one,tanh,2,0.18244921830396435,10.451499462127686
uniform_minus_one_one,tanh,3,0.3347403081054114,14.719605922698975
uniform_minus_one_one,tanh,1,0.4907929889252621,4.543523073196411
uniform_minus_one_one,tanh,2,0.41769744325240993,10.262308120727539
uniform_minus_one_one,tanh,3,0.09582180604091332,14.65222692489624
uniform_minus_one_one,tanh,1,0.4833762400462266,5.9270100593566895
uniform_minus_one_one,tanh,2,0.3613122420612319,9.519367456436157
uniform_minus_one_one,tanh,3,0.0828991295298559,15.677496194839478
uniform_minus_one_one,tanh,1,0.5205778866811255,4.594709157943726
uniform_minus_one_one,tanh,2,0.1477585872295162,10.34682583808899
uniform_minus_one_one,tanh,3,0.16522746897132085,14.935314178466797
uniform_minus_one_one,tanh,1,0.49140365224139443,4.540220499038696
uniform_minus_one_one,tanh,2,0.3014875323882669,10.346866607666016
uniform_minus_one_one,tanh,3,0.18837157347642225,16.04810881614685
uniform_minus_one_one,linear,1,0.856292101390984,0.4067990779876709
uniform_minus_one_one,linear,2,0.856292114436474,0.8392281532287598
uniform_minus_one_one,linear,3,0.8562921451952414,1.2265629768371582
uniform_minus_one_one,linear,1,0.856292124952094,1.0137569904327393
uniform_minus_one_one,linear,2,0.8562920136342714,2.147160291671753
uniform_minus_one_one,linear,3,0.8562922096709994,2.9945905208587646
uniform_minus_one_one,linear,1,0.8562920604978609,0.4367671012878418
uniform_minus_one_one,linear,2,0.8562921757054129,0.7976119518280029
uniform_minus_one_one,linear,3,0.8562921849861038,1.217721939086914
uniform_minus_one_one,linear,1,0.8562920523490841,0.4021110534667969
uniform_minus_one_one,linear,2,0.8562921035875971,0.808666467666626
uniform_minus_one_one,linear,3,0.856292456948827,1.164750576019287
uniform_minus_one_one,linear,1,0.8562921596160756,0.4109063148498535
uniform_minus_one_one,linear,2,0.8562921510091763,0.8218169212341309
uniform_minus_one_one,linear,3,0.8562920840830072,1.1854963302612305
uniform_minus_one_one,linear,1,0.8562921532844121,0.4311954975128174
uniform_minus_one_one,linear,2,0.8562920301114015,1.5401935577392578
uniform_minus_one_one,linear,3,0.8562922939785494,2.548220157623291
uniform_minus_one_one,linear,1,0.8562921318639012,0.4320669174194336
uniform_minus_one_one,linear,2,0.8562920199900675,0.8073577880859375
uniform_minus_one_one,linear,3,0.8562920892095888,1.2218639850616455
uniform_minus_one_one,linear,1,0.856292038179342,0.4085540771484375
uniform_minus_one_one,linear,2,0.8562920789997882,0.8258535861968994
uniform_minus_one_one,linear,3,0.8562922440627571,1.2085151672363281
uniform_minus_one_one,linear,1,0.8562921388411543,0.42053961753845215
uniform_minus_one_one,linear,2,0.8562923225277608,0.8007466793060303
uniform_minus_one_one,linear,3,0.8562921367266842,1.240694522857666
uniform_minus_one_one,linear,1,0.8562920876538933,0.391024112701416
uniform_minus_one_one,linear,2,0.8562921994138702,0.8133060932159424
uniform_minus_one_one,linear,3,0.856292024323936,1.5854883193969727
uniform_minus_one_one,linear,1,0.8562920575265491,1.0580165386199951
uniform_minus_one_one,linear,2,0.8562921061854811,1.7948553562164307
uniform_minus_one_one,linear,3,0.856292053725955,1.1990022659301758
uniform_minus_one_one,linear,1,0.8562920933811515,0.4497983455657959
uniform_minus_one_one,linear,2,0.8562921292110441,0.8337020874023438
uniform_minus_one_one,linear,3,0.8562918750030211,1.2359905242919922
uniform_minus_one_one,linear,1,0.856292060639036,0.412689208984375
uniform_minus_one_one,linear,2,0.8562919918294697,0.8132410049438477
uniform_minus_one_one,linear,3,0.8562922502768435,1.1927406787872314
uniform_minus_one_one,linear,1,0.8562922211486339,0.43431663513183594
uniform_minus_one_one,linear,2,0.8562919736709594,0.854386568069458
uniform_minus_one_one,linear,3,0.8562921606648215,1.1869480609893799
uniform_minus_one_one,linear,1,0.8562920644141286,0.4454615116119385
uniform_minus_one_one,linear,2,0.8562921459524883,1.0277414321899414
uniform_minus_one_one,linear,3,0.8562921128569468,3.011341094970703
uniform_minus_one_one,leaky_relu,1,0.468531740336097,0.7037098407745361
uniform_minus_one_one,leaky_relu,2,0.28247125320803884,1.4270539283752441
uniform_minus_one_one,leaky_relu,3,0.0662519217439661,2.066706895828247
uniform_minus_one_one,leaky_relu,1,0.4328454652171741,0.6756875514984131
uniform_minus_one_one,leaky_relu,2,0.11034310664909976,1.507251262664795
uniform_minus_one_one,leaky_relu,3,0.06202595075830239,2.1233696937561035
uniform_minus_one_one,leaky_relu,1,0.5206212834657606,0.7145426273345947
uniform_minus_one_one,leaky_relu,2,0.17258151019829154,2.413968563079834
uniform_minus_one_one,leaky_relu,3,0.11237531165913239,3.1517863273620605
uniform_minus_one_one,leaky_relu,1,0.44955130015656974,0.7337405681610107
uniform_minus_one_one,leaky_relu,2,0.09658355363657492,1.452178716659546
uniform_minus_one_one,leaky_relu,3,0.049102037080157444,2.1739983558654785
uniform_minus_one_one,leaky_relu,1,0.4421962645771392,0.7606282234191895
uniform_minus_one_one,leaky_relu,2,0.2054433541105569,1.3778140544891357
uniform_minus_one_one,leaky_relu,3,0.09494645630261625,2.2939536571502686
uniform_minus_one_one,leaky_relu,1,0.5058534184155339,1.7028396129608154
uniform_minus_one_one,leaky_relu,2,0.1905126869622114,2.1376864910125732
uniform_minus_one_one,leaky_relu,3,0.08658042801119223,2.065901041030884
uniform_minus_one_one,leaky_relu,1,0.3934253355360548,0.7298502922058105
uniform_minus_one_one,leaky_relu,2,0.2906038617265794,1.3932325839996338
uniform_minus_one_one,leaky_relu,3,0.08991007386714224,2.0822439193725586
uniform_minus_one_one,leaky_relu,1,0.37967352808865606,0.7253298759460449
uniform_minus_one_one,leaky_relu,2,0.18664556303612642,1.4178392887115479
uniform_minus_one_one,leaky_relu,3,0.05420471553637614,3.9458014965057373
uniform_minus_one_one,leaky_relu,1,0.3305638428218552,0.7471413612365723
uniform_minus_one_one,leaky_relu,2,0.19498204941200806,1.427147626876831
uniform_minus_one_one,leaky_relu,3,0.09284833342902978,2.1158316135406494
uniform_minus_one_one,leaky_relu,1,0.44064028892274315,0.7702105045318604
uniform_minus_one_one,leaky_relu,2,0.2083649026708003,1.3808610439300537
uniform_minus_one_one,leaky_relu,3,0.07341470489661014,2.0778729915618896
uniform_minus_one_one,leaky_relu,1,0.40039880294702496,0.7345054149627686
uniform_minus_one_one,leaky_relu,2,0.12891034988462988,2.304539442062378
uniform_minus_one_one,leaky_relu,3,0.09700541622497713,3.0554392337799072
uniform_minus_one_one,leaky_relu,1,0.4545726051792926,0.7164199352264404
uniform_minus_one_one,leaky_relu,2,0.11499917833543685,1.4223582744598389
uniform_minus_one_one,leaky_relu,3,0.09255780712170991,2.026888132095337
uniform_minus_one_one,leaky_relu,1,0.4073607904106805,0.7093281745910645
uniform_minus_one_one,leaky_relu,2,0.2569524789028747,1.376713514328003
uniform_minus_one_one,leaky_relu,3,0.09650333975889853,2.0837738513946533
uniform_minus_one_one,leaky_relu,1,0.4088316080679233,1.2432351112365723
uniform_minus_one_one,leaky_relu,2,0.06289833001673484,2.8969688415527344
uniform_minus_one_one,leaky_relu,3,0.08971576758351736,2.250436782836914
uniform_minus_one_one,leaky_relu,1,0.4025703887906933,0.8046622276306152
uniform_minus_one_one,leaky_relu,2,0.13742320484900733,1.3859076499938965
uniform_minus_one_one,leaky_relu,3,0.05084025940074248,2.1148295402526855
uniform_zero_one,relu,1,0.5215418949808193,0.8343122005462646
uniform_zero_one,relu,2,0.5240562709772885,1.42814302444458
uniform_zero_one,relu,3,1.3617474727080876,3.9058103561401367
uniform_zero_one,relu,1,0.5204785149266227,0.753716230392456
uniform_zero_one,relu,2,0.5384721594981802,1.4953253269195557
uniform_zero_one,relu,3,0.5519390740752357,2.23957896232605
uniform_zero_one,relu,1,0.5348995498266578,0.7194700241088867
uniform_zero_one,relu,2,0.44055810937949946,1.4449799060821533
uniform_zero_one,relu,3,0.8059497413703527,2.118478536605835
uniform_zero_one,relu,1,0.4863298783082633,0.743074893951416
uniform_zero_one,relu,2,0.5844001924637587,2.7466230392456055
uniform_zero_one,relu,3,0.604047732600726,2.7126216888427734
uniform_zero_one,relu,1,0.50984932391165,0.7357170581817627
uniform_zero_one,relu,2,0.45851255062805113,1.4341464042663574
uniform_zero_one,relu,3,0.6000168785438778,2.1802194118499756
uniform_zero_one,relu,1,0.5315772720042548,0.7592315673828125
uniform_zero_one,relu,2,0.5387636405696187,1.4812431335449219
uniform_zero_one,relu,3,0.5451010704328094,2.669053792953491
uniform_zero_one,relu,1,0.5487718150650615,1.6754121780395508
uniform_zero_one,relu,2,0.5416639533263822,1.633859395980835
uniform_zero_one,relu,3,0.7180702703519084,2.1605336666107178
uniform_zero_one,relu,1,0.482866433762538,0.7121503353118896
uniform_zero_one,relu,2,0.5166783930979238,1.450439691543579
uniform_zero_one,relu,3,1.2995499243363435,2.0871946811676025
uniform_zero_one,relu,1,0.5437253626407998,0.7222497463226318
uniform_zero_one,relu,2,0.453902583874831,1.4256370067596436
uniform_zero_one,relu,3,0.6196819555490545,3.7798025608062744
uniform_zero_one,relu,1,0.4771095814621631,0.7415845394134521
uniform_zero_one,relu,2,0.5440076826038963,1.4787778854370117
uniform_zero_one,relu,3,0.6057116286119112,2.1485440731048584
uniform_zero_one,relu,1,0.5191080774410681,0.7615890502929688
uniform_zero_one,relu,2,0.5209224959010152,1.5753438472747803
uniform_zero_one,relu,3,0.525435240677195,2.148677110671997
uniform_zero_one,relu,1,0.5505131670895785,0.8231260776519775
uniform_zero_one,relu,2,0.5474217015702963,3.2331767082214355
uniform_zero_one,relu,3,0.9619751748000588,2.186188220977783
uniform_zero_one,relu,1,0.47781650729525516,0.7153453826904297
uniform_zero_one,relu,2,0.5384652607166375,1.5022029876708984
uniform_zero_one,relu,3,0.5522457877035469,3.903543472290039
uniform_zero_one,relu,1,0.5205449661275124,0.8745467662811279
uniform_zero_one,relu,2,0.46632443242034005,2.3267338275909424
uniform_zero_one,relu,3,0.6410255329588633,3.1107306480407715
uniform_zero_one,relu,1,0.5418908710751632,0.7339928150177002
uniform_zero_one,relu,2,0.49614933734995653,1.3987207412719727
uniform_zero_one,relu,3,0.5504057967027608,2.1611804962158203
uniform_zero_one,sigmoid,1,0.6216069832407737,2.125972032546997
uniform_zero_one,sigmoid,2,0.5533490101935356,5.753849267959595
uniform_zero_one,sigmoid,3,0.35229931902915135,6.340938329696655
uniform_zero_one,sigmoid,1,0.5041146547727717,2.14605450630188
uniform_zero_one,sigmoid,2,0.6504773592310685,7.439450979232788
uniform_zero_one,sigmoid,3,0.993087363555,6.285348176956177
uniform_zero_one,sigmoid,1,0.5828473644955666,3.1733665466308594
uniform_zero_one,sigmoid,2,0.49527888861064445,4.671654939651489
uniform_zero_one,sigmoid,3,0.36680544241778534,6.259061813354492
uniform_zero_one,sigmoid,1,0.8842395215702086,3.853472948074341
uniform_zero_one,sigmoid,2,0.763424490497889,4.298815011978149
uniform_zero_one,sigmoid,3,0.49484233190895976,7.29430890083313
uniform_zero_one,sigmoid,1,0.5185381438011949,2.6295642852783203
uniform_zero_one,sigmoid,2,0.8079000232099998,4.221259832382202
uniform_zero_one,sigmoid,3,0.38889153386776276,7.773028135299683
uniform_zero_one,sigmoid,1,0.5878957795521348,2.1217381954193115
uniform_zero_one,sigmoid,2,0.5273389866350935,4.222865104675293
uniform_zero_one,sigmoid,3,0.4481643361084914,7.8419647216796875
uniform_zero_one,sigmoid,1,0.8102449718308208,2.113757610321045
uniform_zero_one,sigmoid,2,0.49894195310630524,4.241763114929199
uniform_zero_one,sigmoid,3,0.8526805926120831,7.818379640579224
uniform_zero_one,sigmoid,1,0.6550798671094658,2.1094913482666016
uniform_zero_one,sigmoid,2,0.749746682970713,4.182944059371948
uniform_zero_one,sigmoid,3,0.8387486103579124,7.715272903442383
uniform_zero_one,sigmoid,1,0.8230845711355307,2.143561363220215
uniform_zero_one,sigmoid,2,0.5020071781635839,4.207166433334351
uniform_zero_one,sigmoid,3,0.5411456380049561,7.60448956489563
uniform_zero_one,sigmoid,1,0.5059341460088788,2.123450517654419
uniform_zero_one,sigmoid,2,0.6046532551337164,4.940303087234497
uniform_zero_one,sigmoid,3,0.6903510642091901,7.120385408401489
uniform_zero_one,sigmoid,1,0.7203068004392467,2.0796124935150146
uniform_zero_one,sigmoid,2,0.8502061632235013,5.541743516921997
uniform_zero_one,sigmoid,3,0.6860306968807165,6.349735975265503
uniform_zero_one,sigmoid,1,0.8804768568288563,2.1498219966888428
uniform_zero_one,sigmoid,2,0.5516561527287818,6.726361274719238
uniform_zero_one,sigmoid,3,0.7955925318912104,6.52930474281311
uniform_zero_one,sigmoid,1,0.8221315054778775,2.083913564682007
uniform_zero_one,sigmoid,2,0.5388047307585153,5.782427787780762
uniform_zero_one,sigmoid,3,0.598000701579117,6.190343141555786
uniform_zero_one,sigmoid,1,0.5857433663253058,2.0937516689300537
uniform_zero_one,sigmoid,2,0.695238266937854,5.660630702972412
uniform_zero_one,sigmoid,3,0.9121654703797788,6.141724348068237
uniform_zero_one,sigmoid,1,0.884427000698337,2.6054372787475586
uniform_zero_one,sigmoid,2,0.6929487928996649,5.1839587688446045
uniform_zero_one,sigmoid,3,0.808180472324386,6.337775230407715
uniform_zero_one,tanh,1,0.49562053149909147,5.966726303100586
uniform_zero_one,tanh,2,0.44551769912620576,9.789893627166748
uniform_zero_one,tanh,3,0.3042433391979204,15.238302946090698
uniform_zero_one,tanh,1,0.4981252844730012,6.095448017120361
uniform_zero_one,tanh,2,0.4178457623732355,10.449658393859863
uniform_zero_one,tanh,3,0.5507313542332746,14.870469808578491
uniform_zero_one,tanh,1,0.5081080613316467,4.847221612930298
uniform_zero_one,tanh,2,0.3316803684067305,9.937787771224976
uniform_zero_one,tanh,3,0.32863096616722326,14.63898515701294
uniform_zero_one,tanh,1,0.4965960369661013,5.930368423461914
uniform_zero_one,tanh,2,0.33258306435499496,9.814270973205566
uniform_zero_one,tanh,3,0.3441230219116495,15.262588739395142
uniform_zero_one,tanh,1,0.504684041288706,4.868212461471558
uniform_zero_one,tanh,2,0.3358929239143139,11.31151795387268
uniform_zero_one,tanh,3,0.33479919624926163,14.709167957305908
uniform_zero_one,tanh,1,0.36674813273948714,5.053609848022461
uniform_zero_one,tanh,2,0.13362926048561413,9.751642227172852
uniform_zero_one,tanh,3,0.3785064888404451,14.67721939086914
uniform_zero_one,tanh,1,0.4969403499660476,5.9685399532318115
uniform_zero_one,tanh,2,0.34357002975550505,9.98855996131897
uniform_zero_one,tanh,3,0.12665306722561734,14.890827178955078
uniform_zero_one,tanh,1,0.4912106431861,4.51043701171875
uniform_zero_one,tanh,2,0.33827846989905275,10.271585464477539
uniform_zero_one,tanh,3,0.1617324201696058,14.6622896194458
uniform_zero_one,tanh,1,0.43549836914405526,4.538904905319214
uniform_zero_one,tanh,2,0.3355000952865931,10.26950716972351
uniform_zero_one,tanh,3,0.3475434054572279,15.90857481956482
uniform_zero_one,tanh,1,0.5252665933877966,5.788260459899902
uniform_zero_one,tanh,2,0.2704441582933112,8.977531671524048
uniform_zero_one,tanh,3,0.32401461704630463,15.395208835601807
uniform_zero_one,tanh,1,0.5354619968876247,6.279447317123413
uniform_zero_one,tanh,2,0.3852897315057517,10.39307451248169
uniform_zero_one,tanh,3,0.3213460432281886,14.622724056243896
uniform_zero_one,tanh,1,0.41187311149887673,4.541240930557251
uniform_zero_one,tanh,2,0.4789779600153857,10.312616348266602
uniform_zero_one,tanh,3,0.33223237738574846,14.745677947998047
uniform_zero_one,tanh,1,0.5088235465141727,5.9859373569488525
uniform_zero_one,tanh,2,0.4085888118638102,8.909162044525146
uniform_zero_one,tanh,3,0.33732442838679755,15.433778285980225
uniform_zero_one,tanh,1,0.4874422263912251,5.048738241195679
uniform_zero_one,tanh,2,0.3155448366878219,10.196679830551147
uniform_zero_one,tanh,3,0.3345585292608247,14.597957372665405
uniform_zero_one,tanh,1,0.4619878680600116,4.528530120849609
uniform_zero_one,tanh,2,0.2356902119930082,10.224810123443604
uniform_zero_one,tanh,3,0.32436942807779373,14.567118644714355
uniform_zero_one,linear,1,0.856292115382506,0.3952298164367676
uniform_zero_one,linear,2,0.8562919834735446,0.8269126415252686
uniform_zero_one,linear,3,0.8562927590928593,1.1968185901641846
uniform_zero_one,linear,1,0.856292071337152,0.4465310573577881
uniform_zero_one,linear,2,0.8562923055731491,0.8105945587158203
uniform_zero_one,linear,3,0.8562919911087837,2.367166519165039
uniform_zero_one,linear,1,0.8562920779202428,1.0746102333068848
uniform_zero_one,linear,2,0.8562918918100675,0.8374733924865723
uniform_zero_one,linear,3,0.8562923087015177,1.1801395416259766
uniform_zero_one,linear,1,0.8562921544562838,0.40752625465393066
uniform_zero_one,linear,2,0.8562926774398317,0.8145158290863037
uniform_zero_one,linear,3,0.8562924737583274,1.1660199165344238
uniform_zero_one,linear,1,0.8562922323654193,0.4104607105255127
uniform_zero_one,linear,2,0.8562919630844291,0.8052475452423096
uniform_zero_one,linear,3,0.8562934644000463,1.1764788627624512
uniform_zero_one,linear,1,0.8562920523363022,0.4303109645843506
uniform_zero_one,linear,2,0.8562925601350377,0.817786455154419
uniform_zero_one,linear,3,0.8562921239262362,1.1678466796875
uniform_zero_one,linear,1,0.8562920127949926,0.401226282119751
uniform_zero_one,linear,2,0.8562919985226133,1.4384715557098389
uniform_zero_one,linear,3,0.8562924738693494,2.462864875793457
uniform_zero_one,linear,1,0.8562920040190299,0.4044010639190674
uniform_zero_one,linear,2,0.8562920363793974,0.7900245189666748
uniform_zero_one,linear,3,0.8562926886618065,1.1913506984710693
uniform_zero_one,linear,1,0.8562921680262042,0.40095996856689453
uniform_zero_one,linear,2,0.8562920256518717,0.8149876594543457
uniform_zero_one,linear,3,0.8562917808989768,1.1580703258514404
uniform_zero_one,linear,1,0.8562920664997293,0.4377303123474121
uniform_zero_one,linear,2,0.856292223810274,0.8331520557403564
uniform_zero_one,linear,3,0.885305163896814,1.1988463401794434
uniform_zero_one,linear,1,0.8562920575275986,0.4103560447692871
uniform_zero_one,linear,2,0.8562921286656512,0.84920334815979
uniform_zero_one,linear,3,0.8562923046339815,1.2432103157043457
uniform_zero_one,linear,1,0.8562920884914068,1.0126807689666748
uniform_zero_one,linear,2,0.8562922285573245,2.0311317443847656
uniform_zero_one,linear,3,0.8562920693780545,1.2682480812072754
uniform_zero_one,linear,1,0.8562920979361275,0.429384708404541
uniform_zero_one,linear,2,0.8562921741523615,0.7856049537658691
uniform_zero_one,linear,3,0.8562922965733726,1.208989143371582
uniform_zero_one,linear,1,0.8562920637796864,0.43540287017822266
uniform_zero_one,linear,2,0.8562922679868348,1.341001272201538
uniform_zero_one,linear,3,0.8562920059398357,2.7288951873779297
uniform_zero_one,linear,1,0.8562921844297466,0.41481971740722656
uniform_zero_one,linear,2,0.8562920811266298,0.9972476959228516
uniform_zero_one,linear,3,0.8562921705610036,3.5368711948394775
uniform_zero_one,leaky_relu,1,0.5298865661829579,1.7866718769073486
uniform_zero_one,leaky_relu,2,0.581217205029518,1.493009090423584
uniform_zero_one,leaky_relu,3,1.1420385706584133,2.185744285583496
uniform_zero_one,leaky_relu,1,0.5144955977615339,0.7373075485229492
uniform_zero_one,leaky_relu,2,0.5275240068957026,1.4676203727722168
uniform_zero_one,leaky_relu,3,0.5995150438934512,2.115313768386841
uniform_zero_one,leaky_relu,1,0.5537582686398282,0.7057640552520752
uniform_zero_one,leaky_relu,2,0.5982676470002696,1.378525972366333
uniform_zero_one,leaky_relu,3,0.47902097778385,3.950030565261841
uniform_zero_one,leaky_relu,1,0.5190256528653132,0.7384841442108154
uniform_zero_one,leaky_relu,2,0.5629779709947142,1.464186668395996
uniform_zero_one,leaky_relu,3,0.6932877591003537,2.0739800930023193
uniform_zero_one,leaky_relu,1,0.5423838757265012,0.7081587314605713
uniform_zero_one,leaky_relu,2,0.47615615842834336,1.4485199451446533
uniform_zero_one,leaky_relu,3,0.6816651539373235,2.0829877853393555
uniform_zero_one,leaky_relu,1,0.5567612316966183,0.6824398040771484
uniform_zero_one,leaky_relu,2,0.5120943317976592,3.0921947956085205
uniform_zero_one,leaky_relu,3,0.6760358511292699,2.2423458099365234
uniform_zero_one,leaky_relu,1,0.44648184749239817,0.6929304599761963
uniform_zero_one,leaky_relu,2,0.4322792042371731,1.398080587387085
uniform_zero_one,leaky_relu,3,0.6892702392499355,2.076556921005249
uniform_zero_one,leaky_relu,1,0.5175925854433198,0.6709165573120117
uniform_zero_one,leaky_relu,2,0.3226115882225888,1.3738830089569092
uniform_zero_one,leaky_relu,3,0.5406799338610676,2.169142246246338
uniform_zero_one,leaky_relu,1,0.5225094030940111,1.587517261505127
uniform_zero_one,leaky_relu,2,0.5165236154163387,2.163105010986328
uniform_zero_one,leaky_relu,3,0.6582934992317657,2.0556766986846924
uniform_zero_one,leaky_relu,1,0.570093295029006,0.6857328414916992
uniform_zero_one,leaky_relu,2,0.5306194985774457,1.4254863262176514
uniform_zero_one,leaky_relu,3,0.5502074525430674,2.0719363689422607
uniform_zero_one,leaky_relu,1,0.5004805973138741,0.6939728260040283
uniform_zero_one,leaky_relu,2,0.5837750116118341,1.3716893196105957
uniform_zero_one,leaky_relu,3,0.6311214130256272,3.7013373374938965
uniform_zero_one,leaky_relu,1,0.44028193178292496,0.9957656860351562
uniform_zero_one,leaky_relu,2,0.5629214772922483,1.3547325134277344
uniform_zero_one,leaky_relu,3,0.5726541009976831,2.0556228160858154
uniform_zero_one,leaky_relu,1,0.5048531024832971,0.7190823554992676
uniform_zero_one,leaky_relu,2,0.5238158653985897,1.3564205169677734
uniform_zero_one,leaky_relu,3,0.5974690554494948,2.0378382205963135
uniform_zero_one,leaky_relu,1,0.5203060503183471,0.7114567756652832
uniform_zero_one,leaky_relu,2,0.7277242800966136,1.4419529438018799
uniform_zero_one,leaky_relu,3,0.5297237220582306,3.6905410289764404
uniform_zero_one,leaky_relu,1,0.42612857066360815,0.6921374797821045
uniform_zero_one,leaky_relu,2,0.526879897561625,1.3901004791259766
uniform_zero_one,leaky_relu,3,0.4298190629106597,2.0314571857452393
